{"Test F1 Score":0.5066137566137566,"_timestamp":1.7420736606655285e+09,"_runtime":16.2093092,"_step":2,"Test Accuracy":0.9094440398154892,"Test Precision":0.6558219178082192,"_wandb":{"runtime":16},"Test Recall":0.41271551724137934}